{
  "action": {
    "min": [
      -0.9375,
      -0.9375,
      -0.9375,
      -0.2582142949104309,
      -0.375,
      -0.3471428453922272,
      -1.0
    ],
    "max": [
      0.9375,
      0.9375,
      0.9375,
      0.3557142913341522,
      0.375,
      0.375,
      1.0
    ]
  },
  "observation.state": {
    "min": [
      -0.3211379051208496,
      -0.3055172562599182,
      0.007761544547975063,
      0.8945118188858032,
      -1.9997838735580444,
      -1.51427161693573,
      -0.0012563568307086825,
      -0.04233544319868088
    ],
    "max": [
      0.17115074396133423,
      0.3945372402667999,
      1.326070785522461,
      3.461373805999756,
      2.702584981918335,
      1.0452834367752075,
      0.04133143648505211,
      0.0009178959298878908
    ]
  }
}